"ID","Description","GeneRatio","BgRatio","pvalue","p.adjust","qvalue","geneID","Count"
NA,NA,NA,NA,NA,NA,NA,NA,NA
"GO:0000981","DNA-binding transcription factor activity, RNA polymerase II-specific","4/22","136/4540",0.0037032780058703,0.079374748398456,0.0638247245894018,"GAL4/RDS2/TBS1/MAL13",4
"GO:0140110","transcription regulator activity","5/22","233/4540",0.00437650299650465,0.079374748398456,0.0638247245894018,"RGR1/GAL4/RDS2/TBS1/MAL13",5
"GO:0003700","DNA-binding transcription factor activity","4/22","155/4540",0.00591235081548894,0.079374748398456,0.0638247245894018,"GAL4/RDS2/TBS1/MAL13",4
"GO:0016278","lysine N-methyltransferase activity","2/22","25/4540",0.0062866937867204,0.079374748398456,0.0638247245894018,"EFM1/EFM5",2
"GO:0016279","protein-lysine N-methyltransferase activity","2/22","25/4540",0.0062866937867204,0.079374748398456,0.0638247245894018,"EFM1/EFM5",2
"GO:0008270","zinc ion binding","4/22","160/4540",0.006614562366538,0.079374748398456,0.0638247245894018,"GAL4/RDS2/TBS1/MAL13",4
NA,NA,NA,NA,NA,NA,NA,NA,NA
"GO:0005819","spindle","4/22","65/4575",0.000224045586131144,0.0172515101320981,0.0148577599223811,"MAD1/CIN8/BUB2/SPC98",4
