"ID","Description","GeneRatio","BgRatio","pvalue","p.adjust","qvalue","geneID","Count"
"GO:0006629","lipid metabolic process","1/1","298/4568",0.0652364273204904,0.0652364273204904,NA,"AIM6",1
NA,NA,NA,NA,NA,NA,NA,NA,NA
"GO:0008081","phosphoric diester hydrolase activity","1/1","17/4540",0.0037444933920705,0.0112334801762115,0.00394157199165316,"AIM6",1
"GO:0042578","phosphoric ester hydrolase activity","1/1","110/4540",0.0242290748898678,0.0363436123348017,0.0127521446788778,"AIM6",1
"GO:0016788","hydrolase activity, acting on ester bonds","1/1","261/4540",0.0574889867841408,0.0574889867841408,0.0201715743102249,"AIM6",1
NA,NA,NA,NA,NA,NA,NA,NA,NA
